<?xml version="1.0" encoding="UTF-8"?>
<configuration>
    <!-- 定义日志文件的存储地址 -->
    <property name="LOG_HOME" value="logs" />
    <property name="APP_NAME" value="greenhouse-monitoring" />
    
    <!-- 控制台输出 -->
    <appender name="CONSOLE" class="ch.qos.logback.core.ConsoleAppender">
        <encoder class="ch.qos.logback.classic.encoder.PatternLayoutEncoder">
            <pattern>%d{yyyy-MM-dd HH:mm:ss.SSS} [%thread] %-5level [%X{traceId:-}] %logger{50} - %msg%n</pattern>
            <charset>UTF-8</charset>
        </encoder>
    </appender>
    
    <!-- 文件输出 - 所有日志 -->
    <appender name="FILE_ALL" class="ch.qos.logback.core.rolling.RollingFileAppender">
        <file>${LOG_HOME}/${APP_NAME}-all.log</file>
        <rollingPolicy class="ch.qos.logback.core.rolling.TimeBasedRollingPolicy">
            <fileNamePattern>${LOG_HOME}/${APP_NAME}-all.%d{yyyy-MM-dd}.%i.log</fileNamePattern>
            <timeBasedFileNamingAndTriggeringPolicy class="ch.qos.logback.core.rolling.SizeAndTimeBasedFNATP">
                <maxFileSize>100MB</maxFileSize>
            </timeBasedFileNamingAndTriggeringPolicy>
            <maxHistory>30</maxHistory>
            <totalSizeCap>3GB</totalSizeCap>
        </rollingPolicy>
        <encoder class="ch.qos.logback.classic.encoder.PatternLayoutEncoder">
            <pattern>%d{yyyy-MM-dd HH:mm:ss.SSS} [%thread] %-5level [%X{traceId:-}] [%X{userId:-}] %logger{50} - %msg%n</pattern>
            <charset>UTF-8</charset>
        </encoder>
    </appender>
    
    <!-- 文件输出 - 错误日志 -->
    <appender name="FILE_ERROR" class="ch.qos.logback.core.rolling.RollingFileAppender">
        <file>${LOG_HOME}/${APP_NAME}-error.log</file>
        <rollingPolicy class="ch.qos.logback.core.rolling.TimeBasedRollingPolicy">
            <fileNamePattern>${LOG_HOME}/${APP_NAME}-error.%d{yyyy-MM-dd}.%i.log</fileNamePattern>
            <timeBasedFileNamingAndTriggeringPolicy class="ch.qos.logback.core.rolling.SizeAndTimeBasedFNATP">
                <maxFileSize>50MB</maxFileSize>
            </timeBasedFileNamingAndTriggeringPolicy>
            <maxHistory>60</maxHistory>
            <totalSizeCap>1GB</totalSizeCap>
        </rollingPolicy>
        <encoder class="ch.qos.logback.classic.encoder.PatternLayoutEncoder">
            <pattern>%d{yyyy-MM-dd HH:mm:ss.SSS} [%thread] %-5level [%X{traceId:-}] [%X{userId:-}] %logger{50} - %msg%n</pattern>
            <charset>UTF-8</charset>
        </encoder>
        <filter class="ch.qos.logback.classic.filter.LevelFilter">
            <level>ERROR</level>
            <onMatch>ACCEPT</onMatch>
            <onMismatch>DENY</onMismatch>
        </filter>
    </appender>
    
    <!-- 文件输出 - 业务日志 -->
    <appender name="FILE_BUSINESS" class="ch.qos.logback.core.rolling.RollingFileAppender">
        <file>${LOG_HOME}/${APP_NAME}-business.log</file>
        <rollingPolicy class="ch.qos.logback.core.rolling.TimeBasedRollingPolicy">
            <fileNamePattern>${LOG_HOME}/${APP_NAME}-business.%d{yyyy-MM-dd}.%i.log</fileNamePattern>
            <timeBasedFileNamingAndTriggeringPolicy class="ch.qos.logback.core.rolling.SizeAndTimeBasedFNATP">
                <maxFileSize>100MB</maxFileSize>
            </timeBasedFileNamingAndTriggeringPolicy>
            <maxHistory>30</maxHistory>
            <totalSizeCap>2GB</totalSizeCap>
        </rollingPolicy>
        <encoder class="ch.qos.logback.classic.encoder.PatternLayoutEncoder">
            <pattern>%d{yyyy-MM-dd HH:mm:ss.SSS} [%thread] %-5level [%X{traceId:-}] [%X{userId:-}] %logger{50} - %msg%n</pattern>
            <charset>UTF-8</charset>
        </encoder>
    </appender>
    
    <!-- 文件输出 - 性能日志 -->
    <appender name="FILE_PERFORMANCE" class="ch.qos.logback.core.rolling.RollingFileAppender">
        <file>${LOG_HOME}/${APP_NAME}-performance.log</file>
        <rollingPolicy class="ch.qos.logback.core.rolling.TimeBasedRollingPolicy">
            <fileNamePattern>${LOG_HOME}/${APP_NAME}-performance.%d{yyyy-MM-dd}.%i.log</fileNamePattern>
            <timeBasedFileNamingAndTriggeringPolicy class="ch.qos.logback.core.rolling.SizeAndTimeBasedFNATP">
                <maxFileSize>50MB</maxFileSize>
            </timeBasedFileNamingAndTriggeringPolicy>
            <maxHistory>15</maxHistory>
            <totalSizeCap>500MB</totalSizeCap>
        </rollingPolicy>
        <encoder class="ch.qos.logback.classic.encoder.PatternLayoutEncoder">
            <pattern>%d{yyyy-MM-dd HH:mm:ss.SSS} [%thread] %-5level [%X{traceId:-}] %logger{50} - %msg%n</pattern>
            <charset>UTF-8</charset>
        </encoder>
        <filter class="ch.qos.logback.classic.filter.ThresholdFilter">
            <level>WARN</level>
        </filter>
    </appender>
    
    <!-- 异步输出 - 提高性能 -->
    <appender name="ASYNC_FILE_ALL" class="ch.qos.logback.classic.AsyncAppender">
        <discardingThreshold>0</discardingThreshold>
        <queueSize>1024</queueSize>
        <includeCallerData>true</includeCallerData>
        <appender-ref ref="FILE_ALL"/>
    </appender>
    
    <appender name="ASYNC_FILE_ERROR" class="ch.qos.logback.classic.AsyncAppender">
        <discardingThreshold>0</discardingThreshold>
        <queueSize>256</queueSize>
        <includeCallerData>true</includeCallerData>
        <appender-ref ref="FILE_ERROR"/>
    </appender>
    
    <!-- 特定包的日志级别配置 -->
    <logger name="com.greenhouse.common.GlobalExceptionHandler" level="INFO" additivity="false">
        <appender-ref ref="CONSOLE"/>
        <appender-ref ref="ASYNC_FILE_ALL"/>
        <appender-ref ref="ASYNC_FILE_ERROR"/>
    </logger>
    
    <logger name="com.greenhouse.config.RequestInterceptor" level="INFO" additivity="false">
        <appender-ref ref="CONSOLE"/>
        <appender-ref ref="FILE_PERFORMANCE"/>
    </logger>
    
    <logger name="com.greenhouse.service" level="INFO" additivity="false">
        <appender-ref ref="CONSOLE"/>
        <appender-ref ref="FILE_BUSINESS"/>
        <appender-ref ref="ASYNC_FILE_ERROR"/>
    </logger>
    
    <logger name="com.greenhouse.controller" level="INFO" additivity="false">
        <appender-ref ref="CONSOLE"/>
        <appender-ref ref="FILE_BUSINESS"/>
        <appender-ref ref="ASYNC_FILE_ERROR"/>
    </logger>
    
    <!-- Spring框架日志 -->
    <logger name="org.springframework" level="WARN"/>
    <logger name="org.springframework.web" level="INFO"/>
    <logger name="org.springframework.security" level="INFO"/>
    
    <!-- MyBatis日志 -->
    <logger name="com.greenhouse.mapper" level="DEBUG"/>
    <logger name="org.mybatis" level="INFO"/>
    
    <!-- 数据库连接池日志 -->
    <logger name="com.zaxxer.hikari" level="INFO"/>
    <logger name="com.alibaba.druid" level="INFO"/>
    
    <!-- SQL日志 -->
    <logger name="org.springframework.jdbc" level="DEBUG"/>
    
    <!-- 开发环境配置 -->
    <springProfile name="dev">
        <root level="DEBUG">
            <appender-ref ref="CONSOLE"/>
            <appender-ref ref="ASYNC_FILE_ALL"/>
            <appender-ref ref="ASYNC_FILE_ERROR"/>
        </root>
    </springProfile>
    
    <!-- 测试环境配置 -->
    <springProfile name="test">
        <root level="INFO">
            <appender-ref ref="CONSOLE"/>
            <appender-ref ref="ASYNC_FILE_ALL"/>
            <appender-ref ref="ASYNC_FILE_ERROR"/>
        </root>
    </springProfile>
    
    <!-- 生产环境配置 -->
    <springProfile name="prod">
        <root level="INFO">
            <appender-ref ref="ASYNC_FILE_ALL"/>
            <appender-ref ref="ASYNC_FILE_ERROR"/>
        </root>
    </springProfile>
    
    <!-- 默认配置 -->
    <springProfile name="!dev &amp; !test &amp; !prod">
        <root level="INFO">
            <appender-ref ref="CONSOLE"/>
            <appender-ref ref="ASYNC_FILE_ALL"/>
            <appender-ref ref="ASYNC_FILE_ERROR"/>
        </root>
    </springProfile>
</configuration>